{
  "eeg_validation": {
    "syn_mean": 0.995998,
    "ctrl_mean": 0.8003219999999999,
    "p_value": 7.313050992641049e-104
  },
  "tms_feasible": true,
  "ar_states": 210
}