{
  "eeg_validation": {
    "syn_mean": 0.9959859999999999,
    "ctrl_mean": 0.800754,
    "p_value": 7.414420591792154e-104
  },
  "tms_feasible": true,
  "ar_states": 210
}