{
  "eeg_validation": {
    "syn_mean": 0.995994,
    "ctrl_mean": 0.805126,
    "p_value": 4.658509516114203e-99
  },
  "tms_feasible": true,
  "ar_states": 210
}