{
  "timestamp": "2026-04-06T19:25:45.900853",
  "reference_temp_c": 25.0,
  "n_samples": 10,
  "offsets": {
    "S1": 0.0009687968392491086,
    "S2": 0.1879921539869187,
    "S3": -0.10644265209798931,
    "S4": 0.2769543586000296,
    "S5": -0.1737515537711758,
    "S6": 0.10596023257865994,
    "S7": -0.29500850651619004,
    "S8": 0.017465768652677127
  }
}