{
  "timestamp": "2026-04-06T19:41:28.233824",
  "reference_temp_c": 25.0,
  "n_samples": 10,
  "offsets": {
    "S1": -0.018339463355864893,
    "S2": 0.2281659971299277,
    "S3": -0.0869408101313347,
    "S4": 0.2617448660037134,
    "S5": -0.21663087068859355,
    "S6": 0.09400797452026666,
    "S7": -0.30516076982106455,
    "S8": 0.00650170941633732
  }
}