{
  "protocol": "PHOTONIC_STRESS_TEST_v1",
  "timestamp": "2026-04-06T19:24:09.669571",
  "duration_sec": 60,
  "target_irradiance_mWcm2": 15.0,
  "uniformity_cv": 1.204860852897734,
  "temperature_stats": {
    "min_C": 68.90115562995526,
    "max_C": 1760.780664870045,
    "mean_C": 489.28880709280594
  },
  "threshold_C": 42.0,
  "verdict": "REJECTED"
}