{
  "apo": {
    "mean_lambda2": 0.449406171008033,
    "std_lambda2": 0.08030335798758619
  },
  "2ca": {
    "mean_lambda2": 0.7217466875612978,
    "std_lambda2": 0.05895746070702346,
    "mean_water_coordination": 1.1076184101661224,
    "delta_G_solvation": -57.268856088434276,
    "i_disp_bits": 28.940564818579112,
    "eta_arkhe": 0.19021893235144632,
    "stress_mode": "First-Order (Trigger)"
  },
  "4ca": {
    "mean_lambda2": 0.640755341327597,
    "std_lambda2": 0.1705134622050569,
    "mean_water_coordination": 1.121816369279232,
    "delta_G_solvation": -58.00295446539805,
    "i_disp_bits": 28.940564818579112,
    "eta_arkhe": 0.1319582232203116,
    "stress_mode": "First-Order (Trigger)"
  }
}